customerID,gender,SeniorCitizen,tenure,PhoneService,InternetService,MonthlyCharges,TotalCharges,Churn
CUST00001,Female,0,67,Yes,Fiber optic,94.5,5713.53,Yes
CUST00002,Female,0,6,Yes,DSL,93.33,521.27,No
CUST00003,Male,0,10,No,Fiber optic,107.15,1114.75,No
CUST00004,Male,0,61,No,Fiber optic,65.13,4379.98,No
CUST00005,Male,0,28,Yes,No,99.97,2755.78,No
CUST00006,Female,0,3,Yes,DSL,100.01,309.25,Yes
CUST00007,Female,0,54,No,DSL,85.64,4864.7,No
CUST00008,Female,0,7,Yes,Fiber optic,104.61,,No
CUST00009,Female,1,35,No,DSL,65.61,2569.17,No
CUST00010,Female,0,59,Yes,Fiber optic,65.29,3345.75,No
CUST00011,Female,0,19,Yes,DSL,53.84,940.07,No
CUST00012,Male,1,70,Yes,DSL,84.04,6460.76,Yes
CUST00013,Male,0,15,No,Fiber optic,82.0,1091.0,No
CUST00014,Male,0,12,No,No,88.93,993.49,No
CUST00015,Female,1,11,Yes,Fiber optic,76.61,848.54,Yes
CUST00016,Male,0,35,Yes,No,53.2,1658.86,No
CUST00017,Male,0,27,No,Fiber optic,95.03,2525.42,No
CUST00018,Male,1,20,Yes,Fiber optic,21.65,501.45,No
CUST00019,Male,1,56,Yes,Fiber optic,67.62,3928.45,Yes
CUST00020,Female,0,24,Yes,Fiber optic,26.23,421.35,No
CUST00021,Female,1,59,No,DSL,58.54,3849.74,Yes
CUST00022,Male,0,65,No,No,31.24,1855.89,No
CUST00023,Female,1,66,Yes,Fiber optic,55.6,3538.9,Yes
CUST00024,Male,0,4,Yes,No,100.32,430.03,Yes
CUST00025,Female,1,24,Yes,DSL,87.17,1959.77,No
CUST00026,Male,0,60,Yes,No,34.9,2332.41,No
CUST00027,Male,1,40,No,Fiber optic,88.21,3155.02,Yes
CUST00028,Male,0,5,No,Fiber optic,99.66,503.09,Yes
CUST00029,Male,0,34,No,Fiber optic,45.68,1344.42,Yes
CUST00030,Female,0,69,Yes,Fiber optic,75.44,5288.68,No
CUST00031,Male,1,56,No,DSL,66.45,3317.13,Yes
CUST00032,Female,0,66,No,Fiber optic,76.58,4580.92,No
CUST00033,Female,0,10,Yes,No,62.1,686.43,No
CUST00034,Male,1,58,Yes,DSL,53.57,2788.9,No
CUST00035,Male,0,62,No,No,97.21,6038.67,No
CUST00036,Female,0,45,No,DSL,63.6,2588.66,No
CUST00037,Female,0,23,Yes,DSL,55.36,1154.64,No
CUST00038,Female,0,29,No,DSL,99.5,2888.47,No
CUST00039,Male,0,50,Yes,No,84.87,4515.71,No
CUST00040,Male,1,30,Yes,Fiber optic,38.07,1035.1,Yes
CUST00041,Male,0,26,Yes,Fiber optic,41.36,923.42,No
CUST00042,Male,0,4,Yes,Fiber optic,67.48,268.72,No
CUST00043,Female,0,32,No,DSL,47.64,1612.68,No
CUST00044,Male,0,62,Yes,DSL,20.56,1320.21,No
CUST00045,Male,1,1,No,DSL,105.46,97.64,Yes
CUST00046,Male,0,63,No,DSL,23.86,1266.54,No
CUST00047,Male,0,22,No,DSL,68.07,,No
CUST00048,Male,0,12,Yes,Fiber optic,81.85,988.22,No
CUST00049,Female,0,42,No,Fiber optic,79.82,3269.17,No
CUST00050,Female,0,0,Yes,Fiber optic,71.26,,No
CUST00051,Female,0,10,No,DSL,105.44,1058.17,No
CUST00052,Female,0,7,Yes,DSL,81.56,626.84,Yes
CUST00053,Male,0,66,Yes,Fiber optic,88.67,5275.71,No
CUST00054,Male,0,7,Yes,DSL,82.37,551.17,No
CUST00055,Male,0,8,No,No,73.8,611.84,Yes
CUST00056,Female,0,56,No,No,99.41,5443.96,No
CUST00057,Female,0,22,No,Fiber optic,91.63,2163.5,No
CUST00058,Male,0,46,No,DSL,85.63,3790.42,No
CUST00059,Female,0,9,No,DSL,94.82,836.09,Yes
CUST00060,Male,0,69,No,Fiber optic,24.98,2115.61,No
CUST00061,Female,0,3,Yes,DSL,82.4,245.57,No
CUST00062,Male,0,0,No,DSL,88.46,,No
CUST00063,Male,0,46,No,DSL,76.96,3791.65,No
CUST00064,Female,1,4,Yes,Fiber optic,101.02,435.53,Yes
CUST00065,Male,0,10,Yes,DSL,86.45,795.24,No
CUST00066,Female,0,64,Yes,Fiber optic,21.83,1916.8,No
CUST00067,Female,0,61,No,Fiber optic,50.56,2841.21,Yes
CUST00068,Female,1,52,No,DSL,23.31,1024.72,No
CUST00069,Male,0,12,No,Fiber optic,57.5,615.0,No
CUST00070,Female,0,51,Yes,No,90.28,4678.25,No
CUST00071,Male,0,6,No,Fiber optic,69.16,417.75,No
CUST00072,Male,1,1,No,DSL,88.67,90.38,Yes
CUST00073,Male,0,17,Yes,Fiber optic,27.25,630.06,No
CUST00074,Female,0,51,No,DSL,85.2,4595.58,No
CUST00075,Female,0,17,No,No,29.31,519.97,No
CUST00076,Female,1,9,Yes,DSL,76.51,652.03,Yes
CUST00077,Female,0,36,Yes,Fiber optic,65.4,2285.7,Yes
CUST00078,Female,1,2,No,Fiber optic,71.09,139.12,Yes
CUST00079,Female,0,4,No,Fiber optic,76.99,302.7,Yes
CUST00080,Male,0,43,No,No,94.89,4304.06,No
CUST00081,Female,0,55,No,Fiber optic,30.18,1295.29,No
CUST00082,Male,0,61,No,DSL,54.53,3803.48,No
CUST00083,Male,0,28,Yes,DSL,53.89,1321.71,No
CUST00084,Male,0,43,No,Fiber optic,61.48,2370.38,No
CUST00085,Male,0,6,No,No,74.77,398.3,Yes
CUST00086,Female,1,60,No,DSL,50.75,3592.63,No
CUST00087,Female,0,2,Yes,Fiber optic,87.25,179.2,No
CUST00088,Male,0,2,No,Fiber optic,104.04,194.56,No
CUST00089,Female,0,10,Yes,DSL,63.24,674.22,No
CUST00090,Female,1,3,No,DSL,77.14,255.37,No
CUST00091,Male,1,70,Yes,DSL,87.92,,Yes
CUST00092,Female,1,37,No,No,76.66,3078.8,Yes
CUST00093,Female,0,4,Yes,No,91.56,367.46,No
CUST00094,Male,0,6,Yes,Fiber optic,80.32,470.29,Yes
CUST00095,Female,0,10,No,DSL,68.04,771.55,No
CUST00096,Male,1,4,Yes,DSL,89.14,341.02,Yes
CUST00097,Female,0,44,No,DSL,99.02,,No
CUST00098,Female,0,10,No,Fiber optic,60.51,618.61,No
CUST00099,Female,0,46,No,DSL,82.26,3536.34,No
CUST00100,Male,0,53,No,No,76.88,4464.24,No
CUST00101,Male,0,7,No,DSL,85.7,540.17,Yes
CUST00102,Female,1,5,No,Fiber optic,93.83,,Yes
CUST00103,Male,1,33,Yes,Fiber optic,71.34,2574.87,Yes
CUST00104,Male,1,40,No,DSL,29.72,1484.76,No
CUST00105,Male,1,0,Yes,Fiber optic,61.32,,No
CUST00106,Male,0,42,No,DSL,74.42,2907.0,No
CUST00107,Female,0,8,No,Fiber optic,89.57,654.24,No
CUST00108,Male,0,43,No,Fiber optic,51.46,2301.15,No
CUST00109,Female,0,2,No,DSL,74.35,,No
CUST00110,Female,0,69,No,Fiber optic,59.78,4210.77,No
CUST00111,Male,1,51,Yes,Fiber optic,96.96,4669.67,Yes
CUST00112,Female,0,3,No,No,74.95,200.19,Yes
CUST00113,Female,0,11,No,DSL,95.14,1105.25,No
CUST00114,Female,0,6,No,DSL,69.8,376.36,No
CUST00115,Female,0,6,No,Fiber optic,95.13,552.09,No
CUST00116,Female,0,13,No,Fiber optic,25.99,216.53,Yes
CUST00117,Male,0,72,No,Fiber optic,75.86,5940.85,No
CUST00118,Female,1,7,No,Fiber optic,89.29,663.82,Yes
CUST00119,Female,0,72,No,Fiber optic,89.28,7081.37,No
CUST00120,Female,0,46,No,Fiber optic,88.17,3870.47,No
CUST00121,Male,0,42,No,DSL,30.98,1126.75,No
CUST00122,Male,1,3,Yes,Fiber optic,96.45,316.94,No
CUST00123,Female,0,7,Yes,No,103.71,727.28,No
CUST00124,Male,0,13,No,Fiber optic,60.43,662.61,Yes
CUST00125,Male,0,47,Yes,DSL,96.62,4884.2,No
CUST00126,Female,0,10,No,No,108.33,999.56,No
CUST00127,Female,0,58,No,No,37.31,2235.98,No
CUST00128,Female,0,13,Yes,DSL,29.06,455.0,No
CUST00129,Female,0,44,Yes,Fiber optic,22.31,1096.48,Yes
CUST00130,Female,0,9,No,Fiber optic,60.72,510.9,Yes
CUST00131,Male,0,70,Yes,Fiber optic,33.39,2121.63,Yes
CUST00132,Female,1,69,Yes,DSL,28.01,2481.3,Yes
CUST00133,Female,0,62,No,DSL,28.75,1375.14,No
CUST00134,Female,0,16,No,Fiber optic,22.88,421.06,No
CUST00135,Female,1,1,Yes,DSL,82.27,81.95,Yes
CUST00136,Male,0,4,No,DSL,107.72,416.41,No
CUST00137,Male,0,38,No,No,64.09,2106.82,No
CUST00138,Female,0,10,No,Fiber optic,106.12,1132.31,Yes
CUST00139,Female,0,12,Yes,Fiber optic,23.02,212.79,No
CUST00140,Female,0,2,No,Fiber optic,63.32,124.36,No
CUST00141,Male,0,32,Yes,Fiber optic,84.06,2765.93,Yes
CUST00142,Female,0,61,Yes,Fiber optic,94.31,5193.23,Yes
CUST00143,Female,0,1,No,No,92.41,94.09,No
CUST00144,Female,0,7,No,No,71.57,562.17,Yes
CUST00145,Male,0,25,Yes,No,56.89,1611.46,No
CUST00146,Female,0,8,Yes,No,70.82,616.02,Yes
CUST00147,Male,0,33,Yes,DSL,87.65,3050.57,No
CUST00148,Male,0,41,No,DSL,59.99,2454.08,No
CUST00149,Female,1,48,Yes,DSL,33.33,1666.74,No
CUST00150,Female,0,6,Yes,Fiber optic,61.99,389.17,Yes
CUST00151,Male,0,14,No,Fiber optic,80.27,1048.51,No
CUST00152,Male,0,64,Yes,No,95.8,6515.62,No
CUST00153,Female,0,19,Yes,DSL,86.3,1645.66,No
CUST00154,Male,0,64,No,Fiber optic,30.17,1870.92,No
CUST00155,Male,0,70,No,DSL,92.26,7028.06,No
CUST00156,Male,1,4,No,DSL,90.33,396.74,Yes
CUST00157,Male,0,44,Yes,Fiber optic,34.75,1242.69,No
CUST00158,Female,0,2,No,Fiber optic,62.03,114.28,No
CUST00159,Male,0,45,No,No,38.85,,No
CUST00160,Female,0,23,No,Fiber optic,72.08,1491.38,No
CUST00161,Male,0,59,Yes,Fiber optic,54.54,3715.16,Yes
CUST00162,Male,0,28,No,Fiber optic,86.79,2176.49,No
CUST00163,Male,1,9,Yes,No,103.93,907.49,No
CUST00164,Female,1,41,No,Fiber optic,29.02,807.19,Yes
CUST00165,Female,1,32,Yes,Fiber optic,62.47,1997.42,Yes
CUST00166,Male,0,60,Yes,No,84.58,4968.37,No
CUST00167,Female,0,18,No,Fiber optic,85.49,1656.38,No
CUST00168,Male,0,30,No,Fiber optic,87.94,2700.59,Yes
CUST00169,Female,0,9,No,DSL,94.2,,Yes
CUST00170,Female,0,27,No,Fiber optic,29.36,962.55,Yes
CUST00171,Male,0,15,No,DSL,87.67,1381.52,No
CUST00172,Male,0,9,Yes,No,69.01,625.63,No
CUST00173,Female,0,58,Yes,DSL,61.72,3057.08,No
CUST00174,Female,0,68,No,DSL,36.87,3008.85,No
CUST00175,Female,1,47,Yes,No,83.06,4236.07,No
CUST00176,Female,1,0,No,Fiber optic,99.33,,Yes
CUST00177,Female,0,59,Yes,Fiber optic,66.55,3574.12,No
CUST00178,Male,0,10,No,Fiber optic,75.53,814.72,Yes
CUST00179,Female,0,9,Yes,DSL,90.35,835.15,No
CUST00180,Male,0,24,Yes,DSL,87.06,2274.23,No
CUST00181,Male,0,48,Yes,DSL,51.33,2357.34,No
CUST00182,Female,0,1,Yes,DSL,80.47,,Yes
CUST00183,Male,1,2,Yes,Fiber optic,86.75,190.14,No
CUST00184,Female,0,30,No,Fiber optic,58.71,1616.4,No
CUST00185,Male,0,2,Yes,No,81.53,148.26,No
CUST00186,Male,0,22,No,No,89.68,1838.7,No
CUST00187,Male,0,4,Yes,DSL,108.97,472.88,Yes
CUST00188,Male,1,51,Yes,Fiber optic,49.48,2367.01,Yes
CUST00189,Male,0,9,No,DSL,102.64,966.73,Yes
CUST00190,Female,0,12,No,DSL,91.64,1175.25,No
CUST00191,Male,0,13,No,DSL,23.76,239.09,No
CUST00192,Male,0,0,Yes,DSL,106.27,,No
CUST00193,Female,0,42,Yes,DSL,42.35,2006.57,No
CUST00194,Male,0,5,Yes,No,72.47,389.15,No
CUST00195,Male,0,10,Yes,Fiber optic,84.93,874.28,Yes
CUST00196,Male,0,10,Yes,DSL,94.34,843.9,Yes
CUST00197,Female,0,6,Yes,DSL,88.9,515.11,No
CUST00198,Female,0,61,Yes,Fiber optic,31.98,,No
CUST00199,Female,0,51,No,DSL,41.97,2272.57,No
CUST00200,Male,0,70,No,Fiber optic,58.28,4116.64,Yes
CUST00201,Male,0,12,No,Fiber optic,90.9,1135.07,No
CUST00202,Female,0,7,No,DSL,97.21,639.11,No
CUST00203,Female,0,52,Yes,Fiber optic,97.16,4687.92,Yes
CUST00204,Male,0,51,No,No,35.76,1374.76,No
CUST00205,Male,0,40,Yes,No,88.8,3624.01,No
CUST00206,Female,0,6,No,Fiber optic,82.86,524.8,No
CUST00207,Male,0,12,Yes,Fiber optic,38.22,528.7,Yes
CUST00208,Female,0,7,No,Fiber optic,69.25,454.33,No
CUST00209,Female,0,6,Yes,DSL,99.83,581.26,Yes
CUST00210,Female,1,29,Yes,Fiber optic,68.46,1981.82,Yes
CUST00211,Male,0,17,Yes,DSL,48.34,,No
CUST00212,Female,0,25,Yes,DSL,64.39,1854.87,No
CUST00213,Female,0,12,Yes,DSL,28.09,230.66,No
CUST00214,Male,0,6,Yes,DSL,101.27,614.32,Yes
CUST00215,Male,0,33,No,DSL,69.42,2227.31,No
CUST00216,Male,0,7,Yes,No,65.58,391.22,No
CUST00217,Female,0,6,Yes,DSL,60.55,334.44,No
CUST00218,Male,0,12,No,Fiber optic,41.34,387.43,No
CUST00219,Male,0,59,Yes,Fiber optic,70.23,4388.02,Yes
CUST00220,Female,1,62,No,No,38.6,1924.44,No
CUST00221,Female,0,10,Yes,DSL,60.25,592.08,No
CUST00222,Female,0,31,No,DSL,57.09,1837.68,No
CUST00223,Female,0,32,Yes,Fiber optic,75.95,2288.82,Yes
CUST00224,Male,1,2,Yes,DSL,74.48,135.65,Yes
CUST00225,Female,0,39,No,DSL,41.61,,No
CUST00226,Female,0,17,No,DSL,78.59,1424.37,No
CUST00227,Male,0,12,No,DSL,31.26,336.0,No
CUST00228,Male,0,15,Yes,DSL,53.51,686.85,No
CUST00229,Male,0,30,No,DSL,72.16,2204.59,No
CUST00230,Male,0,1,Yes,DSL,69.11,64.89,No
CUST00231,Female,0,4,Yes,DSL,106.41,413.54,Yes
CUST00232,Female,0,2,No,No,68.28,144.84,No
CUST00233,Female,0,60,Yes,No,99.84,6142.98,No
CUST00234,Male,0,37,Yes,No,68.45,2773.25,No
CUST00235,Male,0,15,Yes,No,89.71,1456.33,No
CUST00236,Male,0,10,No,DSL,84.14,842.73,Yes
CUST00237,Male,0,66,Yes,Fiber optic,48.83,3035.67,No
CUST00238,Female,0,70,Yes,DSL,83.33,6466.8,No
CUST00239,Female,0,26,No,DSL,40.68,1177.12,No
CUST00240,Male,0,29,No,Fiber optic,23.44,804.39,No
CUST00241,Female,1,71,No,Fiber optic,62.33,4358.3,Yes
CUST00242,Female,1,7,Yes,Fiber optic,84.15,639.57,Yes
CUST00243,Female,1,34,Yes,No,32.9,1101.31,No
CUST00244,Male,0,48,No,DSL,65.43,3582.01,No
CUST00245,Female,0,45,No,DSL,47.03,2233.92,No
CUST00246,Male,1,7,No,No,71.37,565.93,No
CUST00247,Female,0,10,Yes,DSL,102.06,989.59,Yes
CUST00248,Female,0,40,Yes,DSL,64.86,2324.35,No
CUST00249,Male,0,3,Yes,No,69.89,224.98,No
CUST00250,Female,0,14,No,Fiber optic,90.74,1349.72,No
CUST00251,Female,0,0,No,Fiber optic,83.14,,Yes
CUST00252,Male,0,5,No,Fiber optic,81.74,407.32,Yes
CUST00253,Female,0,4,No,No,75.07,,No
CUST00254,Male,0,45,No,Fiber optic,91.33,,No
CUST00255,Female,0,1,Yes,DSL,107.43,111.74,No
CUST00256,Female,0,15,No,No,24.54,435.16,No
CUST00257,Male,0,59,Yes,Fiber optic,92.14,5817.04,Yes
CUST00258,Female,0,54,Yes,DSL,48.74,2783.57,No
CUST00259,Male,0,9,Yes,DSL,65.66,603.14,No
CUST00260,Female,0,10,Yes,Fiber optic,98.49,995.24,No
CUST00261,Male,1,2,No,No,102.14,,No
CUST00262,Male,0,56,No,DSL,21.44,1157.12,No
CUST00263,Female,1,17,No,No,82.44,,Yes
CUST00264,Male,0,39,No,No,77.91,2877.21,No
CUST00265,Female,0,46,Yes,Fiber optic,82.22,,No
CUST00266,Female,0,56,Yes,No,58.23,3797.0,No
CUST00267,Female,0,5,No,DSL,79.77,359.9,Yes
CUST00268,Female,0,1,No,DSL,101.82,93.92,No
CUST00269,Male,0,18,Yes,Fiber optic,36.9,591.49,Yes
CUST00270,Female,0,51,Yes,Fiber optic,66.8,,No
CUST00271,Female,1,38,Yes,DSL,95.45,,Yes
CUST00272,Female,0,10,Yes,No,97.85,969.47,No
CUST00273,Male,0,51,Yes,No,43.73,2290.53,No
CUST00274,Male,0,42,No,DSL,79.72,3711.46,No
CUST00275,Male,0,12,No,Fiber optic,96.85,1069.27,No
CUST00276,Female,1,29,Yes,No,60.67,1696.7,No
CUST00277,Male,0,10,Yes,No,64.66,725.1,No
CUST00278,Female,1,4,Yes,No,104.71,433.47,No
CUST00279,Male,1,56,Yes,DSL,38.32,1773.35,No
CUST00280,Female,0,25,No,Fiber optic,28.87,664.66,No
CUST00281,Female,0,21,Yes,Fiber optic,76.84,1615.87,No
CUST00282,Female,0,8,No,Fiber optic,75.93,566.75,Yes
CUST00283,Female,0,34,No,DSL,46.0,1410.2,No
CUST00284,Female,0,21,Yes,No,48.78,897.09,No
CUST00285,Female,1,63,No,DSL,36.54,2101.01,No
CUST00286,Female,0,29,No,DSL,35.14,1085.32,No
CUST00287,Male,1,32,No,No,35.27,1305.99,Yes
CUST00288,Male,0,26,Yes,No,72.46,1906.26,No
CUST00289,Male,0,16,Yes,DSL,79.56,1212.61,No
CUST00290,Male,1,14,Yes,Fiber optic,32.65,593.39,No
CUST00291,Male,1,15,No,No,61.8,878.43,No
CUST00292,Female,0,33,No,No,33.72,811.11,No
CUST00293,Male,0,8,No,Fiber optic,77.03,623.61,Yes
CUST00294,Male,0,22,Yes,DSL,95.29,2032.51,No
CUST00295,Male,1,24,No,DSL,39.77,737.83,No
CUST00296,Female,0,3,Yes,No,104.13,328.05,Yes
CUST00297,Male,0,8,Yes,Fiber optic,98.94,774.1,Yes
CUST00298,Male,0,5,Yes,No,64.03,337.44,No
CUST00299,Female,0,42,No,Fiber optic,80.24,3643.8,No
CUST00300,Male,0,71,Yes,DSL,74.78,5250.55,No
CUST00301,Male,1,63,Yes,No,89.63,5262.33,Yes
CUST00302,Male,0,0,No,Fiber optic,62.67,,No
CUST00303,Male,0,6,Yes,No,84.44,465.54,No
CUST00304,Female,0,8,No,Fiber optic,70.84,518.55,Yes
CUST00305,Female,0,12,No,Fiber optic,77.32,1025.35,Yes
CUST00306,Female,0,1,No,Fiber optic,60.35,55.24,No
CUST00307,Female,1,5,No,DSL,100.84,492.22,No
CUST00308,Female,1,2,Yes,DSL,69.34,133.3,No
CUST00309,Female,0,68,Yes,No,40.34,,No
CUST00310,Female,0,52,No,DSL,57.32,3375.74,No
CUST00311,Female,0,1,Yes,Fiber optic,107.76,117.61,No
CUST00312,Female,0,17,Yes,No,46.92,693.47,No
CUST00313,Male,0,3,No,Fiber optic,78.98,208.67,No
CUST00314,Female,0,39,No,DSL,84.32,2966.52,No
CUST00315,Male,0,2,No,No,81.99,150.94,No
CUST00316,Male,0,52,No,Fiber optic,49.39,2332.66,Yes
CUST00317,Male,1,38,No,DSL,54.3,1814.72,No
CUST00318,Male,1,41,No,No,31.63,1453.38,No
CUST00319,Female,0,1,Yes,DSL,98.86,103.77,Yes
CUST00320,Female,0,56,No,DSL,93.33,5764.46,No
CUST00321,Male,0,53,No,DSL,21.06,915.77,No
CUST00322,Male,0,25,Yes,DSL,32.52,817.1,No
CUST00323,Male,0,12,No,DSL,96.1,1165.93,No
CUST00324,Female,0,3,No,Fiber optic,84.13,268.24,No
CUST00325,Female,0,17,Yes,No,35.72,719.97,No
CUST00326,Male,1,6,Yes,Fiber optic,92.74,566.49,No
CUST00327,Male,0,17,No,Fiber optic,33.17,525.32,No
CUST00328,Female,1,0,No,Fiber optic,105.58,,Yes
CUST00329,Male,1,46,Yes,DSL,65.43,,No
CUST00330,Male,0,16,Yes,Fiber optic,67.08,1105.74,No
CUST00331,Female,0,12,No,DSL,71.46,898.79,No
CUST00332,Female,0,10,Yes,No,71.96,771.49,Yes
CUST00333,Female,1,58,No,No,57.18,3721.08,No
CUST00334,Female,0,16,No,Fiber optic,73.54,1275.4,Yes
CUST00335,Male,0,3,Yes,No,94.57,262.78,Yes
CUST00336,Male,0,13,No,DSL,41.23,576.65,No
CUST00337,Male,0,4,No,Fiber optic,62.14,275.46,No
CUST00338,Female,0,32,No,Fiber optic,89.0,2940.75,No
CUST00339,Male,0,34,Yes,DSL,27.43,723.45,No
CUST00340,Male,1,41,Yes,DSL,20.41,902.18,No
CUST00341,Male,1,21,Yes,Fiber optic,62.6,1139.97,No
CUST00342,Female,0,5,No,No,98.42,520.57,Yes
CUST00343,Male,0,36,No,Fiber optic,53.46,1912.65,No
CUST00344,Female,0,0,No,DSL,109.76,,Yes
CUST00345,Female,1,10,Yes,DSL,70.62,609.68,No
CUST00346,Female,0,9,No,No,94.85,774.37,Yes
CUST00347,Female,0,20,Yes,DSL,75.68,1587.13,No
CUST00348,Female,1,55,Yes,No,46.97,2131.25,No
CUST00349,Male,0,8,Yes,DSL,74.89,536.06,Yes
CUST00350,Male,0,50,Yes,Fiber optic,71.04,3532.94,Yes
CUST00351,Female,0,3,No,No,80.17,262.6,No
CUST00352,Male,1,59,Yes,Fiber optic,40.13,2241.46,Yes
CUST00353,Male,0,69,Yes,Fiber optic,61.97,4888.8,No
CUST00354,Male,1,59,Yes,DSL,58.16,3940.08,No
CUST00355,Female,0,42,Yes,Fiber optic,55.78,2148.05,No
CUST00356,Male,0,43,Yes,DSL,90.13,4298.77,No
CUST00357,Male,1,64,Yes,Fiber optic,21.56,936.8,No
CUST00358,Male,0,47,No,Fiber optic,61.35,2575.28,No
CUST00359,Female,0,23,No,Fiber optic,74.92,1932.65,Yes
CUST00360,Female,0,9,No,DSL,95.56,897.07,No
CUST00361,Male,0,3,Yes,DSL,66.34,,No
CUST00362,Male,1,62,No,Fiber optic,26.41,1434.97,Yes
CUST00363,Male,0,6,Yes,DSL,69.3,378.68,No
CUST00364,Female,0,61,No,Fiber optic,77.36,4358.2,No
CUST00365,Male,0,70,Yes,DSL,96.73,6728.2,No
CUST00366,Male,0,9,Yes,Fiber optic,76.46,660.49,No
CUST00367,Female,0,37,No,Fiber optic,71.76,2309.5,Yes
CUST00368,Female,0,68,No,DSL,55.68,3676.91,No
CUST00369,Male,0,23,No,No,36.86,930.46,No
CUST00370,Female,0,47,No,Fiber optic,70.61,3064.86,No
CUST00371,Female,0,66,No,DSL,20.3,1292.75,No
CUST00372,Female,1,47,No,No,68.96,2837.77,Yes
CUST00373,Male,1,71,No,DSL,38.83,2231.98,No
CUST00374,Male,1,46,No,Fiber optic,75.62,3493.94,No
CUST00375,Male,0,55,Yes,Fiber optic,22.41,1519.1,No
CUST00376,Female,0,31,Yes,DSL,92.05,2608.92,No
CUST00377,Male,0,8,Yes,Fiber optic,93.52,688.81,Yes
CUST00378,Female,0,67,Yes,No,69.95,4600.32,No
CUST00379,Female,0,3,No,No,76.93,215.11,No
CUST00380,Female,0,11,Yes,Fiber optic,86.99,873.14,Yes
CUST00381,Male,0,9,No,No,75.75,717.44,Yes
CUST00382,Female,0,37,Yes,No,95.28,3894.45,No
CUST00383,Female,0,31,No,Fiber optic,62.75,1935.2,Yes
CUST00384,Male,0,7,No,Fiber optic,96.56,694.07,Yes
CUST00385,Female,0,1,Yes,No,102.4,97.9,Yes
CUST00386,Male,0,61,No,No,40.51,1880.02,No
CUST00387,Female,0,58,Yes,Fiber optic,52.34,3542.24,Yes
CUST00388,Female,1,19,Yes,No,75.68,1301.18,No
CUST00389,Female,0,17,No,DSL,70.39,1273.48,No
CUST00390,Female,1,5,Yes,No,90.87,485.94,No
CUST00391,Female,0,8,Yes,Fiber optic,89.54,664.47,Yes
CUST00392,Male,0,12,Yes,DSL,93.11,1190.04,No
CUST00393,Female,0,6,Yes,Fiber optic,90.04,544.44,Yes
CUST00394,Female,0,2,Yes,DSL,80.1,143.09,Yes
CUST00395,Male,0,12,Yes,DSL,54.11,569.66,No
CUST00396,Male,0,4,Yes,No,66.19,301.0,No
CUST00397,Male,0,6,No,No,108.35,645.73,Yes
CUST00398,Male,0,4,Yes,No,70.22,279.48,No
CUST00399,Male,1,57,No,No,47.59,2295.52,No
CUST00400,Male,0,0,Yes,No,88.34,,No
CUST00401,Female,0,11,No,Fiber optic,103.45,1242.38,Yes
CUST00402,Male,1,65,Yes,DSL,57.0,4316.87,No
CUST00403,Female,0,3,Yes,No,96.15,263.22,Yes
CUST00404,Female,1,21,Yes,Fiber optic,58.84,1087.68,Yes
CUST00405,Male,1,39,Yes,No,73.71,3039.37,No
CUST00406,Male,0,60,No,DSL,22.48,1288.61,No
CUST00407,Male,0,61,No,Fiber optic,62.85,4395.81,Yes
CUST00408,Male,0,68,No,Fiber optic,74.67,4668.12,Yes
CUST00409,Male,0,71,Yes,DSL,28.37,2349.85,No
CUST00410,Female,0,7,Yes,Fiber optic,92.23,679.95,No
CUST00411,Female,0,50,Yes,No,34.23,2140.12,No
CUST00412,Male,1,15,No,DSL,33.74,479.61,Yes
CUST00413,Male,0,42,No,DSL,36.55,1657.76,No
CUST00414,Male,0,38,No,No,93.53,3758.87,No
CUST00415,Male,0,63,Yes,Fiber optic,45.39,3244.03,No
CUST00416,Male,1,61,Yes,DSL,84.81,5404.48,No
CUST00417,Male,1,13,No,Fiber optic,65.43,872.91,No
CUST00418,Male,0,11,Yes,Fiber optic,92.25,968.64,No
CUST00419,Female,0,67,Yes,DSL,65.58,3837.85,No
CUST00420,Male,0,17,No,DSL,25.35,462.88,No
CUST00421,Male,0,10,No,Fiber optic,108.64,1001.89,No
CUST00422,Female,1,11,No,No,103.16,1130.97,Yes
CUST00423,Female,0,2,No,Fiber optic,66.85,120.23,Yes
CUST00424,Female,0,10,Yes,No,82.42,890.56,No
CUST00425,Male,1,28,No,DSL,40.79,1061.53,No
CUST00426,Female,1,12,Yes,DSL,87.4,966.21,No
CUST00427,Male,0,69,Yes,No,70.16,4504.19,No
CUST00428,Female,0,6,Yes,Fiber optic,85.33,514.21,Yes
CUST00429,Female,1,62,No,Fiber optic,81.74,5245.45,No
CUST00430,Male,1,34,No,DSL,87.83,,No
CUST00431,Male,1,51,No,DSL,49.17,2576.83,No
CUST00432,Female,0,3,No,Fiber optic,72.16,205.74,Yes
CUST00433,Male,1,4,No,No,66.39,245.9,No
CUST00434,Male,0,12,No,No,55.14,601.57,No
CUST00435,Female,0,6,No,No,97.38,596.11,No
CUST00436,Female,1,14,No,DSL,86.7,1108.16,No
CUST00437,Female,1,72,No,DSL,43.43,2409.08,Yes
CUST00438,Female,0,2,No,DSL,94.09,179.28,Yes
CUST00439,Female,0,26,Yes,DSL,54.8,1421.51,No
CUST00440,Male,0,47,Yes,No,20.96,687.43,No
CUST00441,Female,1,0,Yes,Fiber optic,80.51,,Yes
CUST00442,Female,0,51,Yes,No,92.14,4432.7,No
CUST00443,Male,0,6,Yes,DSL,73.66,425.66,No
CUST00444,Female,0,18,Yes,No,21.0,211.8,No
CUST00445,Male,0,69,Yes,DSL,23.3,999.48,No
CUST00446,Male,0,49,No,Fiber optic,27.1,1021.44,No
CUST00447,Male,0,2,No,DSL,71.86,149.21,No
CUST00448,Female,0,65,Yes,No,94.77,6760.4,No
CUST00449,Female,1,17,Yes,No,84.54,1527.69,No
CUST00450,Female,0,58,No,DSL,80.85,4926.66,No
CUST00451,Male,0,47,Yes,Fiber optic,70.14,,Yes
CUST00452,Male,1,12,Yes,Fiber optic,42.79,469.74,Yes
CUST00453,Male,0,38,Yes,DSL,50.26,1852.3,No
CUST00454,Female,0,5,No,Fiber optic,78.81,413.99,Yes
CUST00455,Male,0,68,Yes,Fiber optic,39.36,2218.82,No
CUST00456,Male,0,16,Yes,No,63.7,965.84,No
CUST00457,Female,0,2,Yes,Fiber optic,89.34,168.25,Yes
CUST00458,Female,0,9,Yes,DSL,81.73,663.26,No
CUST00459,Female,0,35,No,Fiber optic,34.64,1270.6,Yes
CUST00460,Female,0,12,No,DSL,77.58,939.66,No
CUST00461,Male,0,12,Yes,No,55.93,719.06,No
CUST00462,Female,0,4,No,Fiber optic,88.24,328.18,Yes
CUST00463,Male,1,30,No,No,37.28,919.56,No
CUST00464,Female,0,41,No,DSL,74.58,2854.52,No
CUST00465,Male,0,19,Yes,No,63.86,1289.25,No
CUST00466,Female,0,6,No,Fiber optic,68.1,446.43,No
CUST00467,Female,0,48,Yes,Fiber optic,48.21,2424.33,No
CUST00468,Male,0,14,Yes,DSL,28.25,352.17,No
CUST00469,Male,0,7,No,No,79.17,607.28,Yes
CUST00470,Male,0,3,No,No,89.16,274.22,Yes
CUST00471,Male,1,47,No,DSL,39.06,1983.43,Yes
CUST00472,Male,0,70,No,DSL,64.62,5164.87,No
CUST00473,Male,1,49,Yes,Fiber optic,77.87,4256.34,Yes
CUST00474,Male,0,14,Yes,Fiber optic,97.89,1485.44,Yes
CUST00475,Female,0,54,Yes,Fiber optic,78.29,4554.5,Yes
CUST00476,Male,0,10,No,No,64.45,569.1,No
CUST00477,Female,0,23,No,No,69.94,1634.43,No
CUST00478,Male,0,36,Yes,Fiber optic,27.87,667.07,No
CUST00479,Male,0,10,No,Fiber optic,73.25,800.73,Yes
CUST00480,Female,0,36,No,DSL,35.32,953.91,No
CUST00481,Female,0,61,Yes,No,93.5,5776.86,No
CUST00482,Male,0,15,Yes,Fiber optic,85.83,1139.39,Yes
CUST00483,Male,0,16,No,No,92.77,1623.07,No
CUST00484,Female,0,48,No,No,98.08,5082.66,No
CUST00485,Male,0,14,No,Fiber optic,34.85,587.33,No
CUST00486,Female,0,46,No,DSL,73.58,3092.17,No
CUST00487,Female,0,43,Yes,No,90.54,4185.02,No
CUST00488,Female,0,11,No,DSL,70.8,794.84,No
CUST00489,Female,0,64,No,No,24.63,1005.08,No
CUST00490,Male,1,2,Yes,Fiber optic,97.77,,No
CUST00491,Female,0,12,Yes,Fiber optic,52.34,605.84,No
CUST00492,Male,1,1,Yes,Fiber optic,84.36,93.69,No
CUST00493,Female,1,12,Yes,DSL,46.04,599.03,No
CUST00494,Female,0,42,No,No,23.09,1360.54,No
CUST00495,Male,0,26,Yes,Fiber optic,25.0,683.13,No
CUST00496,Male,0,12,Yes,DSL,88.29,1048.59,No
CUST00497,Female,0,61,No,DSL,42.7,3027.06,No
CUST00498,Male,0,10,Yes,Fiber optic,86.25,773.44,Yes
CUST00499,Male,0,9,Yes,Fiber optic,71.29,604.07,Yes
CUST00500,Male,0,71,Yes,No,32.85,2140.7,No
CUST00501,Female,0,5,Yes,Fiber optic,80.62,376.56,Yes
CUST00502,Female,0,10,Yes,No,104.96,1062.58,No
CUST00503,Male,0,66,Yes,DSL,50.31,3680.55,No
CUST00504,Male,0,49,Yes,No,77.79,3627.3,No
CUST00505,Female,0,46,No,No,22.65,742.32,No
CUST00506,Male,0,37,No,Fiber optic,93.84,3640.0,No
CUST00507,Female,0,12,No,No,24.85,236.41,No
CUST00508,Male,0,59,Yes,No,55.1,3500.06,No
CUST00509,Female,0,43,No,Fiber optic,80.79,3239.55,No
CUST00510,Female,1,61,Yes,Fiber optic,25.87,2160.7,No
CUST00511,Male,0,4,No,Fiber optic,94.02,347.25,Yes
CUST00512,Male,0,68,Yes,Fiber optic,42.33,3077.47,No
CUST00513,Female,0,26,Yes,DSL,24.77,475.14,No
CUST00514,Female,1,36,Yes,DSL,35.63,1275.0,No
CUST00515,Female,0,70,No,Fiber optic,60.49,3996.56,No
CUST00516,Male,0,12,Yes,DSL,24.23,343.44,No
CUST00517,Female,0,3,No,DSL,84.79,246.01,Yes
CUST00518,Female,0,0,Yes,DSL,82.63,,Yes
CUST00519,Female,0,28,Yes,DSL,72.47,1970.2,No
CUST00520,Male,0,36,Yes,No,60.5,2182.79,No
CUST00521,Male,0,10,No,Fiber optic,75.17,845.2,No
CUST00522,Male,0,11,Yes,No,94.46,1088.48,No
CUST00523,Female,0,41,Yes,Fiber optic,31.65,1362.96,No
CUST00524,Female,0,18,Yes,DSL,72.31,1262.23,No
CUST00525,Female,0,62,No,Fiber optic,95.85,6346.36,No
CUST00526,Female,0,9,No,Fiber optic,64.96,604.86,No
CUST00527,Female,0,48,Yes,DSL,97.54,4833.08,No
CUST00528,Male,0,72,Yes,DSL,43.22,3229.93,No
CUST00529,Male,0,38,Yes,DSL,33.67,1622.83,No
CUST00530,Female,1,7,Yes,Fiber optic,91.4,704.21,Yes
CUST00531,Male,0,0,No,DSL,90.0,,No
CUST00532,Male,0,31,Yes,DSL,65.94,1919.15,No
CUST00533,Female,0,10,Yes,No,65.61,655.48,No
CUST00534,Male,0,3,Yes,Fiber optic,86.73,262.33,Yes
CUST00535,Male,0,26,Yes,DSL,64.38,1845.07,No
CUST00536,Male,1,14,No,DSL,70.27,1101.96,No
CUST00537,Male,0,11,No,Fiber optic,94.31,1020.67,Yes
CUST00538,Male,0,16,No,DSL,63.43,924.35,No
CUST00539,Male,1,1,No,Fiber optic,61.22,51.71,No
CUST00540,Male,0,8,No,Fiber optic,104.54,836.99,Yes
CUST00541,Female,0,0,Yes,No,84.35,,No
CUST00542,Male,0,44,No,DSL,24.87,1239.3,No
CUST00543,Male,0,2,No,No,91.04,162.95,No
CUST00544,Male,0,4,No,Fiber optic,108.14,443.58,Yes
CUST00545,Female,0,66,No,Fiber optic,67.15,4935.47,No
CUST00546,Female,1,12,No,No,60.44,816.08,No
CUST00547,Male,0,2,Yes,No,101.05,214.1,No
CUST00548,Male,0,44,Yes,No,20.29,1085.02,No
CUST00549,Female,0,48,Yes,DSL,56.05,2788.34,No
CUST00550,Male,0,11,Yes,Fiber optic,70.39,837.43,No
CUST00551,Male,0,9,No,DSL,88.23,747.96,Yes
CUST00552,Male,0,11,No,Fiber optic,63.7,744.22,No
CUST00553,Male,0,11,Yes,DSL,69.81,862.12,No
CUST00554,Male,0,7,Yes,DSL,74.88,523.53,Yes
CUST00555,Female,1,56,Yes,DSL,38.21,1757.59,No
CUST00556,Female,0,3,No,DSL,62.41,207.41,No
CUST00557,Male,0,10,No,Fiber optic,88.56,834.19,Yes
CUST00558,Male,1,65,No,Fiber optic,35.75,2482.95,Yes
CUST00559,Female,0,8,No,DSL,68.83,479.74,No
CUST00560,Male,0,12,No,Fiber optic,27.54,221.72,No
CUST00561,Male,0,12,Yes,DSL,59.86,835.62,No
CUST00562,Female,0,23,No,Fiber optic,54.39,1142.05,No
CUST00563,Female,0,61,Yes,DSL,32.86,1519.8,No
CUST00564,Female,0,41,Yes,DSL,91.38,3600.86,No
CUST00565,Male,0,52,Yes,DSL,76.75,3967.3,No
CUST00566,Male,1,68,Yes,DSL,26.84,2393.93,No
CUST00567,Male,0,29,Yes,DSL,35.02,1115.15,No
CUST00568,Female,0,11,Yes,DSL,107.04,1236.64,Yes
CUST00569,Male,0,27,Yes,No,68.59,,No
CUST00570,Male,1,15,No,Fiber optic,34.53,475.7,Yes
CUST00571,Female,0,20,Yes,Fiber optic,90.47,1795.14,No
CUST00572,Male,0,9,Yes,No,71.29,691.03,No
CUST00573,Female,1,3,No,No,64.88,221.77,No
CUST00574,Male,1,6,Yes,No,108.96,600.11,Yes
CUST00575,Male,1,49,Yes,Fiber optic,89.76,4882.89,No
CUST00576,Male,0,25,Yes,Fiber optic,61.38,1355.66,No
CUST00577,Female,0,2,Yes,DSL,92.65,,Yes
CUST00578,Female,0,3,No,No,97.58,291.92,Yes
CUST00579,Male,0,54,Yes,DSL,41.04,1739.79,No
CUST00580,Male,0,8,No,DSL,65.16,469.35,No
CUST00581,Female,0,10,Yes,Fiber optic,73.46,662.88,No
CUST00582,Female,1,35,Yes,DSL,73.44,2292.85,No
CUST00583,Female,0,59,No,Fiber optic,28.55,1382.23,No
CUST00584,Female,1,35,No,DSL,27.03,607.45,No
CUST00585,Female,1,12,No,DSL,38.62,406.93,No
CUST00586,Female,0,5,No,No,94.7,449.24,No
CUST00587,Male,1,2,No,DSL,74.91,165.85,Yes
CUST00588,Male,0,43,No,No,93.36,,No
CUST00589,Female,0,19,No,Fiber optic,42.2,704.44,No
CUST00590,Male,0,40,Yes,DSL,73.61,3149.13,No
CUST00591,Male,1,1,Yes,Fiber optic,69.85,65.25,No
CUST00592,Female,0,38,No,DSL,85.8,3355.7,No
CUST00593,Female,0,51,Yes,Fiber optic,53.57,2843.48,No
CUST00594,Male,1,53,No,DSL,72.85,3554.31,No
CUST00595,Male,0,72,No,Fiber optic,58.09,4516.17,No
CUST00596,Male,1,0,No,DSL,104.28,,No
CUST00597,Male,0,37,Yes,DSL,73.78,3077.83,No
CUST00598,Male,0,9,No,No,79.74,761.24,Yes
CUST00599,Male,0,18,Yes,Fiber optic,53.96,899.18,No
CUST00600,Female,0,28,Yes,DSL,73.3,1817.56,No
CUST00601,Male,0,19,No,DSL,50.35,1067.36,No
CUST00602,Male,0,72,Yes,No,61.58,5045.56,No
CUST00603,Male,0,12,No,DSL,92.72,1084.08,No
CUST00604,Female,0,51,Yes,No,23.08,1338.09,No
CUST00605,Female,0,47,Yes,Fiber optic,49.76,2152.77,No
CUST00606,Male,1,0,No,DSL,99.68,,Yes
CUST00607,Female,0,53,Yes,DSL,91.07,,No
CUST00608,Male,0,42,Yes,Fiber optic,35.65,1839.08,No
CUST00609,Male,0,70,Yes,Fiber optic,36.47,3173.88,No
CUST00610,Male,1,52,No,DSL,57.38,3166.92,Yes
CUST00611,Female,0,69,Yes,DSL,49.8,3906.96,No
CUST00612,Female,0,36,Yes,Fiber optic,90.42,3085.6,Yes
CUST00613,Male,1,63,No,Fiber optic,22.24,1800.33,Yes
CUST00614,Male,0,72,No,Fiber optic,30.65,2069.66,No
CUST00615,Female,1,42,Yes,DSL,55.13,2118.01,No
CUST00616,Male,0,68,No,No,25.27,1674.82,No
CUST00617,Male,0,37,Yes,DSL,25.42,1100.22,No
CUST00618,Female,0,50,Yes,DSL,55.82,2578.15,No
CUST00619,Female,0,66,No,Fiber optic,95.63,6302.05,No
CUST00620,Female,1,60,Yes,Fiber optic,33.32,2289.76,Yes
CUST00621,Male,0,65,No,Fiber optic,81.83,5786.99,Yes
CUST00622,Female,0,54,Yes,DSL,87.13,4325.57,No
CUST00623,Female,0,48,Yes,Fiber optic,43.67,2350.01,No
CUST00624,Female,0,24,No,DSL,64.63,1695.48,No
CUST00625,Female,0,3,Yes,Fiber optic,101.69,303.89,No
CUST00626,Female,0,0,Yes,DSL,108.33,,No
CUST00627,Female,0,32,No,Fiber optic,26.87,675.21,No
CUST00628,Male,0,39,Yes,DSL,28.88,1129.83,No
CUST00629,Male,1,14,No,Fiber optic,71.46,1042.33,No
CUST00630,Female,0,13,Yes,Fiber optic,21.73,317.14,No
CUST00631,Male,0,24,Yes,Fiber optic,98.55,,No
CUST00632,Male,0,17,Yes,Fiber optic,73.93,1383.84,No
CUST00633,Female,0,3,Yes,No,76.69,211.25,No
CUST00634,Male,0,9,No,DSL,92.59,815.83,Yes
CUST00635,Female,1,8,Yes,DSL,87.49,716.93,No
CUST00636,Male,0,12,Yes,Fiber optic,93.28,1204.14,Yes
CUST00637,Female,0,1,Yes,DSL,96.17,100.95,Yes
CUST00638,Female,0,41,No,No,65.92,,No
CUST00639,Female,0,66,Yes,Fiber optic,41.04,2403.5,No
CUST00640,Female,0,18,No,Fiber optic,55.91,1055.25,Yes
CUST00641,Male,1,27,No,Fiber optic,82.42,2036.42,Yes
CUST00642,Male,0,0,No,DSL,94.48,,Yes
CUST00643,Male,0,56,Yes,No,58.32,,No
CUST00644,Male,1,20,Yes,DSL,81.0,,Yes
CUST00645,Male,0,12,No,DSL,98.95,1207.38,No
CUST00646,Male,1,68,Yes,No,26.0,1320.47,No
CUST00647,Male,0,12,Yes,Fiber optic,44.71,556.01,Yes
CUST00648,Male,1,11,No,Fiber optic,99.63,1030.18,Yes
CUST00649,Male,0,10,No,Fiber optic,100.88,930.53,No
CUST00650,Male,0,11,No,No,72.24,758.09,No
CUST00651,Male,0,11,No,DSL,75.3,895.9,Yes
CUST00652,Female,0,0,No,DSL,109.75,,Yes
CUST00653,Female,0,12,No,No,88.43,1125.32,No
CUST00654,Male,0,1,Yes,DSL,77.6,83.27,Yes
CUST00655,Female,1,32,Yes,Fiber optic,95.78,2814.56,Yes
CUST00656,Male,0,9,Yes,No,103.95,980.11,No
CUST00657,Male,0,49,No,Fiber optic,29.36,1676.64,Yes
CUST00658,Male,0,46,No,DSL,59.22,2326.8,No
CUST00659,Female,0,1,Yes,DSL,98.98,95.9,No
CUST00660,Female,0,25,Yes,DSL,88.9,2201.51,No
CUST00661,Female,0,58,Yes,DSL,21.99,1614.58,No
CUST00662,Male,0,25,No,DSL,85.11,2328.75,No
CUST00663,Female,0,4,No,No,73.56,295.77,No
CUST00664,Male,0,46,No,Fiber optic,42.65,1737.92,Yes
CUST00665,Male,0,43,No,No,31.42,1491.5,No
CUST00666,Male,0,59,No,DSL,82.39,5022.54,No
CUST00667,Female,0,40,No,DSL,85.3,3674.51,No
CUST00668,Female,0,7,Yes,Fiber optic,103.86,748.06,No
CUST00669,Female,1,4,Yes,No,99.7,,Yes
CUST00670,Male,0,29,Yes,Fiber optic,70.46,2009.84,Yes
CUST00671,Male,0,5,Yes,Fiber optic,72.61,408.39,No
CUST00672,Female,0,40,No,Fiber optic,92.06,3487.08,No
CUST00673,Male,0,61,Yes,Fiber optic,32.11,2136.22,No
CUST00674,Female,1,10,Yes,Fiber optic,108.56,990.45,Yes
CUST00675,Male,0,58,No,Fiber optic,95.68,5008.59,No
CUST00676,Male,1,54,Yes,DSL,39.81,2614.25,No
CUST00677,Male,1,9,Yes,No,99.38,966.21,No
CUST00678,Male,0,0,No,No,73.8,,Yes
CUST00679,Male,0,14,No,DSL,96.51,1336.44,No
CUST00680,Male,1,20,No,No,77.89,1647.45,No
CUST00681,Male,1,72,Yes,Fiber optic,45.48,3949.33,Yes
CUST00682,Female,0,12,Yes,Fiber optic,87.59,969.85,No
CUST00683,Female,1,36,Yes,Fiber optic,51.66,1608.8,No
CUST00684,Female,0,8,No,Fiber optic,101.56,886.08,No
CUST00685,Female,0,6,No,DSL,99.72,567.92,No
CUST00686,Male,1,11,No,Fiber optic,79.5,801.36,Yes
CUST00687,Male,1,27,Yes,No,28.13,738.57,No
CUST00688,Female,0,9,Yes,DSL,86.36,717.59,Yes
CUST00689,Male,0,7,Yes,Fiber optic,75.1,530.13,Yes
CUST00690,Male,0,19,Yes,Fiber optic,67.42,1256.64,Yes
CUST00691,Female,0,50,Yes,Fiber optic,85.08,3998.11,Yes
CUST00692,Male,1,68,No,Fiber optic,45.49,3755.1,Yes
CUST00693,Female,0,4,Yes,DSL,91.47,395.41,Yes
CUST00694,Female,0,40,No,No,43.47,1431.29,No
CUST00695,Female,0,7,Yes,DSL,98.83,715.18,Yes
CUST00696,Female,0,12,Yes,DSL,42.08,532.64,No
CUST00697,Male,1,8,No,No,109.43,800.59,No
CUST00698,Male,1,53,No,Fiber optic,56.94,2895.75,No
CUST00699,Male,0,23,Yes,Fiber optic,92.83,1960.58,No
CUST00700,Male,0,6,Yes,DSL,95.35,545.47,No
CUST00701,Female,0,18,Yes,DSL,21.82,329.22,No
CUST00702,Male,0,10,Yes,No,107.16,1169.68,No
CUST00703,Female,0,10,Yes,Fiber optic,94.11,894.33,Yes
CUST00704,Male,0,69,No,No,82.23,5136.94,No
CUST00705,Male,0,66,No,DSL,80.63,,No
CUST00706,Male,0,0,Yes,DSL,83.82,,No
CUST00707,Female,0,55,Yes,Fiber optic,59.17,3033.15,Yes
CUST00708,Female,1,9,No,Fiber optic,104.1,908.22,Yes
CUST00709,Male,0,56,Yes,Fiber optic,58.84,2978.48,No
CUST00710,Female,0,27,Yes,DSL,50.31,1189.18,No
CUST00711,Male,0,32,No,DSL,78.45,2739.94,No
CUST00712,Male,0,69,No,Fiber optic,62.01,4931.58,Yes
CUST00713,Female,0,24,No,DSL,33.94,867.21,No
CUST00714,Female,0,5,Yes,Fiber optic,77.31,412.01,Yes
CUST00715,Female,1,4,No,Fiber optic,88.92,353.26,Yes
CUST00716,Male,0,11,Yes,No,70.7,741.74,No
CUST00717,Male,1,69,No,Fiber optic,50.43,4053.73,No
CUST00718,Male,0,9,No,No,77.82,718.96,Yes
CUST00719,Female,0,12,No,Fiber optic,87.01,1158.79,No
CUST00720,Male,0,48,No,DSL,99.6,4310.83,No
CUST00721,Female,0,1,No,DSL,91.15,99.51,No
CUST00722,Male,0,49,No,DSL,21.07,689.18,No
CUST00723,Male,0,6,Yes,DSL,69.08,444.52,No
CUST00724,Female,0,2,No,DSL,64.03,115.13,No
CUST00725,Male,0,38,No,DSL,27.75,1205.1,No
CUST00726,Female,0,48,Yes,Fiber optic,30.05,,No
CUST00727,Female,1,15,No,DSL,38.54,477.43,No
CUST00728,Female,0,14,No,DSL,37.01,639.26,No
CUST00729,Female,0,10,No,No,93.38,953.87,Yes
CUST00730,Female,0,12,No,No,77.32,864.61,No
CUST00731,Female,1,64,No,Fiber optic,90.51,6228.57,No
CUST00732,Female,0,55,Yes,DSL,24.53,1731.73,No
CUST00733,Male,0,2,Yes,DSL,84.8,181.2,No
CUST00734,Male,0,33,Yes,DSL,46.7,1587.42,No
CUST00735,Female,0,54,Yes,Fiber optic,57.85,,No
CUST00736,Male,1,45,Yes,Fiber optic,54.7,,Yes
CUST00737,Female,0,3,No,Fiber optic,60.26,157.47,No
CUST00738,Female,1,62,No,Fiber optic,45.67,2371.31,No
CUST00739,Male,0,6,No,Fiber optic,88.21,473.61,No
CUST00740,Female,1,39,Yes,No,85.63,3155.57,Yes
CUST00741,Female,0,63,Yes,Fiber optic,92.76,5278.61,No
CUST00742,Male,0,44,No,Fiber optic,72.7,3293.87,No
CUST00743,Male,0,40,Yes,Fiber optic,68.4,2530.4,No
CUST00744,Male,0,8,No,No,82.13,649.0,Yes
CUST00745,Female,0,24,Yes,No,68.93,1783.5,No
CUST00746,Female,1,47,Yes,DSL,47.73,,No
CUST00747,Female,0,51,No,DSL,33.57,1728.01,No
CUST00748,Female,0,12,Yes,Fiber optic,73.47,943.45,No
CUST00749,Female,0,1,Yes,DSL,105.36,101.07,Yes
CUST00750,Female,0,12,Yes,No,41.55,433.82,No
CUST00751,Male,0,66,No,Fiber optic,26.37,2358.37,No
CUST00752,Male,0,28,Yes,DSL,86.55,2612.26,No
CUST00753,Male,0,26,Yes,Fiber optic,68.83,1802.55,No
CUST00754,Male,0,1,No,Fiber optic,94.81,97.21,Yes
CUST00755,Female,0,13,Yes,No,90.54,1259.66,No
CUST00756,Female,1,13,No,DSL,82.91,1092.09,Yes
CUST00757,Female,0,13,No,DSL,94.55,1343.17,No
CUST00758,Male,0,38,Yes,DSL,56.35,2435.81,No
CUST00759,Male,0,3,Yes,DSL,67.13,206.64,No
CUST00760,Female,1,22,Yes,No,34.17,550.22,No
CUST00761,Male,0,33,Yes,No,35.34,1243.89,No
CUST00762,Male,0,51,No,DSL,79.77,4070.75,No
CUST00763,Female,1,41,No,Fiber optic,69.47,3230.27,Yes
CUST00764,Male,1,68,No,DSL,34.94,2431.32,No
CUST00765,Male,0,67,Yes,DSL,53.96,3402.89,No
CUST00766,Female,0,63,No,DSL,35.01,,No
CUST00767,Female,0,0,No,DSL,75.96,,No
CUST00768,Female,0,60,Yes,DSL,47.22,2958.16,No
CUST00769,Male,1,12,No,Fiber optic,82.42,1042.32,No
CUST00770,Female,0,10,No,DSL,87.93,924.88,Yes
CUST00771,Male,0,67,No,DSL,35.16,2266.25,No
CUST00772,Female,0,31,No,DSL,22.26,822.53,No
CUST00773,Female,0,30,Yes,DSL,33.42,1045.92,No
CUST00774,Female,0,23,Yes,DSL,56.53,1225.46,No
CUST00775,Female,1,66,No,Fiber optic,93.65,6519.12,No
CUST00776,Male,1,10,Yes,Fiber optic,75.1,687.96,Yes
CUST00777,Female,0,35,No,Fiber optic,94.44,3193.88,No
CUST00778,Female,0,64,Yes,Fiber optic,53.58,3101.72,No
CUST00779,Male,0,66,Yes,DSL,48.77,3616.47,No
CUST00780,Female,0,12,No,DSL,20.71,368.51,No
CUST00781,Male,0,1,No,Fiber optic,101.96,102.42,Yes
CUST00782,Male,0,2,Yes,Fiber optic,105.87,214.77,Yes
CUST00783,Female,0,44,Yes,No,20.85,1028.3,No
CUST00784,Male,0,55,No,Fiber optic,78.46,3900.92,No
CUST00785,Male,0,34,No,No,68.05,2586.97,No
CUST00786,Female,0,12,Yes,DSL,22.02,242.04,No
CUST00787,Male,0,26,Yes,No,39.49,859.44,No
CUST00788,Female,1,52,Yes,DSL,59.7,3049.77,No
CUST00789,Female,0,4,No,DSL,90.91,363.11,No
CUST00790,Female,0,70,Yes,DSL,57.49,3347.66,No
CUST00791,Male,0,38,Yes,Fiber optic,81.73,3400.61,No
CUST00792,Male,0,39,No,DSL,81.1,3391.59,No
CUST00793,Male,0,34,Yes,Fiber optic,37.53,1251.76,Yes
CUST00794,Female,0,67,Yes,No,49.15,3318.52,No
CUST00795,Male,0,27,Yes,DSL,60.13,1826.29,No
CUST00796,Female,0,24,Yes,DSL,46.14,1285.92,No
CUST00797,Female,0,1,No,Fiber optic,96.74,99.39,No
CUST00798,Female,0,4,Yes,DSL,68.32,282.49,No
CUST00799,Female,0,36,No,DSL,24.52,684.95,No
CUST00800,Female,0,1,Yes,No,68.03,70.72,No
CUST00801,Male,0,5,Yes,Fiber optic,90.54,470.32,No
CUST00802,Female,0,13,No,No,45.87,585.76,No
CUST00803,Male,0,11,Yes,DSL,65.46,769.51,No
CUST00804,Female,1,10,Yes,DSL,64.14,562.73,No
CUST00805,Female,0,26,No,No,23.53,846.71,No
CUST00806,Female,0,0,No,No,79.11,,Yes
CUST00807,Male,0,67,No,No,47.91,,No
CUST00808,Female,1,67,Yes,DSL,71.56,4923.08,No
CUST00809,Male,0,24,Yes,Fiber optic,29.46,780.28,No
CUST00810,Female,0,3,Yes,DSL,62.0,191.64,No
CUST00811,Male,1,9,No,DSL,77.14,667.85,Yes
CUST00812,Male,0,6,Yes,No,87.53,487.36,Yes
CUST00813,Male,0,19,Yes,DSL,73.18,1279.9,No
CUST00814,Female,0,9,Yes,Fiber optic,62.38,,No
CUST00815,Female,0,0,Yes,DSL,105.85,,Yes
CUST00816,Female,1,21,No,No,95.37,1918.41,No
CUST00817,Female,0,7,Yes,No,82.41,547.9,Yes
CUST00818,Male,0,63,No,Fiber optic,57.09,4066.71,No
CUST00819,Female,0,41,Yes,Fiber optic,20.87,464.26,No
CUST00820,Male,0,2,Yes,DSL,100.17,189.44,Yes
CUST00821,Female,1,0,Yes,DSL,95.17,,Yes
CUST00822,Male,0,14,No,Fiber optic,83.26,1103.99,No
CUST00823,Male,0,62,No,No,71.77,4713.04,No
CUST00824,Female,1,32,No,Fiber optic,37.1,1002.48,No
CUST00825,Male,0,0,Yes,DSL,66.06,,No
CUST00826,Male,0,5,Yes,Fiber optic,80.64,416.58,No
CUST00827,Male,0,24,No,DSL,85.63,2110.3,No
CUST00828,Male,0,9,Yes,No,76.67,735.65,Yes
CUST00829,Female,0,56,Yes,No,54.57,3604.81,No
CUST00830,Male,1,41,Yes,Fiber optic,56.7,,No
CUST00831,Male,0,7,Yes,No,93.26,672.32,No
CUST00832,Male,0,1,No,No,66.41,74.4,No
CUST00833,Female,0,18,No,No,63.44,1316.39,No
CUST00834,Male,0,19,Yes,DSL,52.35,1093.27,No
CUST00835,Female,0,3,No,DSL,87.5,280.29,Yes
CUST00836,Male,1,26,Yes,Fiber optic,43.21,1211.14,Yes
CUST00837,Female,1,6,Yes,DSL,87.32,492.97,No
CUST00838,Male,0,44,Yes,Fiber optic,95.98,4173.79,Yes
CUST00839,Female,0,41,No,DSL,74.86,2801.78,No
CUST00840,Male,0,62,Yes,DSL,70.63,4727.53,No
CUST00841,Male,0,57,No,No,54.74,2868.12,No
CUST00842,Female,0,53,Yes,DSL,27.1,1512.7,No
CUST00843,Male,0,71,No,Fiber optic,91.33,5864.46,Yes
CUST00844,Female,0,10,No,No,106.34,1029.09,No
CUST00845,Male,0,56,Yes,Fiber optic,45.09,2632.12,Yes
CUST00846,Male,0,10,No,DSL,94.42,892.88,Yes
CUST00847,Female,0,38,No,DSL,32.62,950.59,No
CUST00848,Female,0,39,No,Fiber optic,63.13,2386.24,No
CUST00849,Male,0,68,No,DSL,25.43,2136.49,No
CUST00850,Female,0,63,Yes,DSL,56.76,3384.85,No
CUST00851,Male,0,53,No,No,64.36,3302.29,No
CUST00852,Female,0,6,No,DSL,64.65,344.11,No
CUST00853,Female,0,4,Yes,Fiber optic,86.09,382.71,Yes
CUST00854,Female,0,72,No,DSL,85.13,5446.05,No
CUST00855,Male,1,7,Yes,Fiber optic,86.9,570.31,Yes
CUST00856,Male,0,58,Yes,DSL,23.44,1824.0,No
CUST00857,Male,0,50,No,DSL,28.73,1237.63,No
CUST00858,Female,1,59,Yes,DSL,25.21,1157.98,Yes
CUST00859,Female,0,11,Yes,No,65.03,635.07,No
CUST00860,Female,0,4,Yes,DSL,96.99,369.91,Yes
CUST00861,Male,1,22,Yes,No,93.92,1989.57,No
CUST00862,Male,0,25,No,Fiber optic,49.84,999.7,Yes
CUST00863,Female,0,18,Yes,DSL,96.95,1804.56,No
CUST00864,Female,0,59,Yes,DSL,65.24,3584.14,No
CUST00865,Male,0,41,No,Fiber optic,54.05,1842.51,Yes
CUST00866,Male,0,20,No,DSL,40.64,963.71,No
CUST00867,Female,0,11,No,Fiber optic,89.8,972.52,No
CUST00868,Male,0,10,Yes,DSL,82.48,800.91,Yes
CUST00869,Male,0,65,Yes,DSL,61.21,4528.32,No
CUST00870,Male,1,6,No,Fiber optic,68.31,438.92,Yes
CUST00871,Female,0,13,Yes,DSL,28.99,502.63,No
CUST00872,Female,0,20,Yes,No,24.79,666.0,No
CUST00873,Male,1,11,Yes,Fiber optic,95.76,1017.08,Yes
CUST00874,Female,0,38,Yes,Fiber optic,46.16,1384.3,No
CUST00875,Female,1,55,Yes,Fiber optic,72.42,3740.31,No
CUST00876,Male,0,0,Yes,Fiber optic,96.43,,Yes
CUST00877,Male,0,67,No,DSL,42.53,2808.55,No
CUST00878,Male,0,66,Yes,Fiber optic,95.69,5875.46,No
CUST00879,Female,0,17,Yes,Fiber optic,90.01,1443.74,No
CUST00880,Female,0,6,No,DSL,62.65,410.19,No
CUST00881,Male,1,1,Yes,DSL,103.91,98.69,No
CUST00882,Female,0,2,Yes,DSL,101.01,193.33,Yes
CUST00883,Female,0,70,Yes,DSL,89.17,6474.56,No
CUST00884,Male,0,12,Yes,Fiber optic,67.15,704.24,Yes
CUST00885,Female,0,1,Yes,DSL,72.91,76.12,No
CUST00886,Female,0,2,Yes,DSL,65.65,146.42,No
CUST00887,Male,0,56,Yes,DSL,51.35,3408.44,No
CUST00888,Female,0,2,No,DSL,89.41,190.44,Yes
CUST00889,Female,0,66,Yes,DSL,47.3,2487.26,No
CUST00890,Male,0,8,Yes,No,97.41,845.47,Yes
CUST00891,Female,0,8,No,No,62.07,474.24,No
CUST00892,Female,0,47,Yes,DSL,70.82,3183.98,No
CUST00893,Female,0,53,No,DSL,91.58,4405.17,No
CUST00894,Female,0,5,Yes,No,71.67,311.02,No
CUST00895,Male,0,11,Yes,No,104.1,1179.68,No
CUST00896,Male,0,51,No,Fiber optic,26.44,1155.83,No
CUST00897,Male,0,54,No,No,64.84,3061.59,No
CUST00898,Male,0,25,No,No,66.53,,No
CUST00899,Female,1,45,No,No,41.83,2228.89,No
CUST00900,Male,0,23,Yes,DSL,55.28,1212.09,No
CUST00901,Female,0,8,Yes,No,82.2,729.4,No
CUST00902,Female,0,11,Yes,Fiber optic,77.44,874.86,Yes
CUST00903,Male,0,53,Yes,DSL,79.32,,No
CUST00904,Female,0,60,No,DSL,21.94,1061.54,No
CUST00905,Male,1,64,No,Fiber optic,98.61,6869.71,No
CUST00906,Female,0,4,No,DSL,80.26,349.77,Yes
CUST00907,Male,0,31,No,DSL,80.87,2468.02,No
CUST00908,Female,0,40,Yes,DSL,50.06,2035.35,No
CUST00909,Female,0,53,Yes,Fiber optic,87.27,5107.53,No
CUST00910,Female,0,21,No,DSL,93.44,1907.47,No
CUST00911,Male,1,55,No,Fiber optic,76.43,3722.49,No
CUST00912,Male,1,45,No,DSL,96.12,4102.52,No
CUST00913,Male,0,30,No,No,26.93,1102.74,No
CUST00914,Female,0,9,No,DSL,79.89,734.87,No
CUST00915,Female,0,2,Yes,DSL,72.03,140.64,Yes
CUST00916,Female,0,48,No,Fiber optic,25.97,1546.94,No
CUST00917,Male,0,12,Yes,DSL,85.98,931.22,No
CUST00918,Male,1,30,No,Fiber optic,98.47,2951.0,Yes
CUST00919,Female,1,67,Yes,Fiber optic,26.45,1196.78,Yes
CUST00920,Female,0,49,Yes,Fiber optic,22.93,1265.79,No
CUST00921,Male,0,65,No,DSL,77.11,4544.43,No
CUST00922,Male,0,33,Yes,No,54.5,1722.23,No
CUST00923,Male,0,24,No,No,76.55,1840.21,No
CUST00924,Female,0,15,Yes,DSL,83.04,,No
CUST00925,Male,0,60,No,DSL,44.62,2894.48,No
CUST00926,Male,0,3,Yes,No,108.8,,Yes
CUST00927,Male,0,28,Yes,Fiber optic,58.58,1818.84,Yes
CUST00928,Female,0,8,No,No,71.2,549.24,No
CUST00929,Male,0,45,Yes,Fiber optic,99.62,4401.87,No
CUST00930,Male,0,3,Yes,DSL,105.95,335.84,No
CUST00931,Female,0,5,Yes,DSL,96.04,526.22,Yes
CUST00932,Female,1,20,Yes,DSL,69.09,1425.92,No
CUST00933,Male,0,3,No,DSL,68.09,227.82,No
CUST00934,Female,0,10,No,Fiber optic,102.74,1073.5,Yes
CUST00935,Female,1,7,Yes,Fiber optic,102.24,,Yes
CUST00936,Male,1,51,No,DSL,25.75,1616.68,Yes
CUST00937,Male,0,40,Yes,DSL,50.72,1857.58,No
CUST00938,Female,0,10,No,Fiber optic,109.58,1124.66,No
CUST00939,Female,1,10,No,DSL,70.66,792.54,No
CUST00940,Male,0,39,Yes,Fiber optic,79.3,2721.71,Yes
CUST00941,Female,1,51,No,No,48.83,2957.08,No
CUST00942,Female,0,63,No,Fiber optic,74.39,5272.25,No
CUST00943,Female,1,15,Yes,DSL,37.41,616.83,No
CUST00944,Female,0,7,No,DSL,104.46,678.18,Yes
CUST00945,Male,0,7,Yes,Fiber optic,78.66,595.44,No
CUST00946,Male,0,4,Yes,No,109.18,431.19,No
CUST00947,Female,0,33,Yes,Fiber optic,71.35,2163.05,No
CUST00948,Male,0,65,No,No,21.39,1708.79,No
CUST00949,Female,1,10,No,DSL,60.7,701.54,No
CUST00950,Female,0,69,No,Fiber optic,70.78,5335.94,Yes
CUST00951,Male,0,25,No,No,31.5,555.85,No
CUST00952,Male,0,72,Yes,DSL,58.49,4637.56,No
CUST00953,Male,0,10,Yes,No,89.87,869.92,Yes
CUST00954,Male,1,35,Yes,DSL,34.47,1017.52,No
CUST00955,Male,0,38,Yes,Fiber optic,37.3,1099.13,No
CUST00956,Female,0,5,Yes,DSL,62.19,327.91,No
CUST00957,Female,0,2,No,Fiber optic,84.52,177.17,No
CUST00958,Female,0,1,Yes,Fiber optic,86.91,82.9,No
CUST00959,Female,0,13,Yes,Fiber optic,95.79,1127.79,Yes
CUST00960,Female,0,55,No,DSL,57.19,3435.35,No
CUST00961,Male,0,56,Yes,DSL,31.26,,No
CUST00962,Male,0,9,Yes,No,108.09,989.15,Yes
CUST00963,Male,0,10,Yes,Fiber optic,83.41,767.87,No
CUST00964,Male,0,13,Yes,DSL,84.9,1017.61,No
CUST00965,Female,0,8,No,Fiber optic,94.52,699.8,No
CUST00966,Female,0,44,No,DSL,67.4,2542.35,No
CUST00967,Male,0,69,No,DSL,47.91,3031.65,No
CUST00968,Male,0,28,Yes,Fiber optic,80.82,2083.42,No
CUST00969,Female,0,65,Yes,DSL,30.25,1944.35,No
CUST00970,Male,0,42,No,DSL,91.76,3603.0,No
CUST00971,Male,0,69,No,Fiber optic,67.35,4706.33,No
CUST00972,Male,0,63,No,DSL,92.78,5738.23,No
CUST00973,Male,0,7,No,Fiber optic,90.35,660.27,Yes
CUST00974,Male,0,10,No,No,81.01,793.34,Yes
CUST00975,Male,1,20,No,DSL,21.58,386.86,No
CUST00976,Male,0,9,Yes,Fiber optic,83.77,834.97,Yes
CUST00977,Male,0,22,Yes,DSL,90.48,2107.2,No
CUST00978,Male,0,5,No,DSL,93.77,456.77,Yes
CUST00979,Male,0,18,No,Fiber optic,44.05,748.85,Yes
CUST00980,Male,0,10,No,No,86.41,787.15,Yes
CUST00981,Male,0,69,No,Fiber optic,78.52,5252.11,No
CUST00982,Male,0,35,No,Fiber optic,66.77,2313.26,Yes
CUST00983,Male,0,60,No,DSL,48.26,3478.3,No
CUST00984,Female,0,30,No,No,58.38,1717.7,No
CUST00985,Male,0,55,No,Fiber optic,56.6,2729.03,No
CUST00986,Male,0,7,Yes,Fiber optic,71.75,535.33,No
CUST00987,Female,1,25,No,DSL,87.79,2275.99,No
CUST00988,Male,0,61,No,Fiber optic,63.55,4273.94,No
CUST00989,Female,1,5,Yes,DSL,87.98,404.98,No
CUST00990,Female,1,39,No,Fiber optic,42.25,1865.25,Yes
CUST00991,Male,0,34,Yes,DSL,33.15,1282.69,No
CUST00992,Female,0,5,No,No,68.03,290.16,No
CUST00993,Male,0,5,Yes,No,82.77,448.14,Yes
CUST00994,Male,0,2,Yes,DSL,79.57,149.11,Yes
CUST00995,Male,0,4,No,No,96.11,410.79,Yes
CUST00996,Female,0,19,No,Fiber optic,36.81,737.01,No
CUST00997,Male,1,14,Yes,No,34.17,536.22,No
CUST00998,Female,0,11,Yes,DSL,98.85,1080.95,Yes
CUST00999,Female,1,0,Yes,No,81.77,,Yes
CUST01000,Male,0,34,Yes,DSL,21.25,687.17,No
